,Closing_price
0,61.4
1,61.495
2,61.508
3,61.391
4,61.565
5,61.83
6,61.771
7,61.715
8,61.938
9,61.923
10,61.68
11,61.853
12,61.84
13,61.788
14,61.853
15,62.23
16,61.948
17,61.788
18,61.856
19,61.62
20,61.97
21,61.82
22,61.873
23,62.108
24,62.473
25,62.6
26,63.168
27,63.653
28,63.518
29,62.983
30,63.255
31,63.223
32,63.433
33,63.515
34,63.513
35,63.515
36,63.378
37,63.028
38,63.028
39,63.27
40,63.338
41,63.568
42,63.273
43,62.668
44,62.11
45,62.068
46,61.973
47,62.088
48,62.055
49,61.61
50,61.638
51,61.648
52,61.553
53,61.598
54,61.455
55,61.473
56,61.343
57,61.351
58,61.777
59,62.13
60,61.748
61,61.594
62,61.809
63,61.741
64,61.84
65,62.151
66,62.32
67,62.399
68,62.134
69,62.05
70,62.213
71,62.151
72,62.083
73,62.18
74,62.266
75,62.154
76,62.233
77,61.853
78,61.722
79,61.63
80,61.9
81,61.81
82,62.281
83,62.435
84,62.78
85,62.643
86,62.713
87,62.756
88,62.533
89,62.965
90,62.783
91,62.616
92,62.69
93,62.59
94,62.395
95,62.215
96,62.258
97,62.45
98,62.829
99,62.517
100,62.576
101,62.369
102,62.27
103,62.046
104,61.925
105,62.196
106,62.316
107,62.165
108,62.155
109,62.395
110,62.357
111,62.295
112,62.393
113,62.33
114,62.543
115,62.961
116,62.931
117,62.92
118,63.336
119,63.543
120,63.542
121,63.14
122,63.355
123,63.613
124,63.645
125,63.65
126,63.382
127,63.501
128,64.14
129,63.735
130,63.924
131,64.232
132,63.852
133,63.45
134,63.381
135,63.72
136,63.771
137,63.85
138,63.535
139,63.435
140,63.48
141,63.946
142,63.898
143,63.821
144,63.795
145,63.599
146,63.658
147,64.028
148,63.97
149,63.755
150,63.996
151,64.001
152,63.867
153,63.948
154,64.013
155,64.08
156,64.205
157,64.168
158,63.737
159,63.504
160,63.494
161,63.632
162,63.55
163,63.576
164,63.586
165,63.84
166,63.652
167,63.634
168,63.405
169,63.46
170,63.356
171,63.509
172,63.569
173,63.312
174,63.359
175,63.519
176,63.295
177,63.57
178,63.509
179,63.46
180,63.686
181,63.601
182,63.6
183,63.819
184,64.068
185,64.214
186,63.74
187,63.827
188,64.06
189,64.11
190,63.95
191,63.764
192,63.672
193,63.688
194,63.73
195,63.78
196,64.21
197,64.717
198,65.307
199,65.02
200,65.392
201,65.432
202,65.05
203,65.491
204,65.95
205,66.804
206,66.102
207,66.107
208,66.003
209,66.184
210,66.421
211,66.352
212,66.199
213,66.074
214,66.679
215,66.81
216,66.358
217,66.461
218,66.436
219,66.371
220,66.247
221,66.397
222,66.45
223,66.07
224,65.858
225,65.649
226,65.8
227,66.119
228,66.32
229,66.127
230,66.257
231,65.909
232,65.478
233,65.601
234,65.354
235,65.121
236,65.18
237,64.897
238,64.985
239,64.696
240,64.737
241,65.057
242,64.871
243,64.758
244,64.704
245,64.917
246,64.967
247,65.19
248,64.91
249,64.882
250,64.805
251,65.096
252,64.943
253,65.35
254,65.413
255,65.587
256,65.535
257,65.446
258,65.88
259,66.13
260,66.465
261,66.19
262,66.055
263,66.03
264,66.048
265,65.983
266,65.96
267,66.124
268,66.075
269,66.053
270,66.338
271,66.29
272,66.323
273,66.57
274,66.9
275,66.486
276,66.488
277,66.513
278,66.825
279,66.67
280,66.755
281,66.754
282,66.846
283,66.697
284,67.073
285,67.037
286,66.831
287,66.576
288,66.34
289,66.277
290,66.191
291,66.2
292,66.147
293,65.96
294,65.979
295,66.148
296,66.232
297,66.38
298,66.405
299,66.13
300,66.554
301,66.503
302,66.709
303,66.9
304,66.815
305,66.775
306,66.806
307,66.88
308,67.393
309,67.81
310,67.72
311,67.711
312,68.021
313,67.883
314,67.555
315,67.706
316,67.689
317,68.13
318,68.022
319,67.867
320,67.91
321,67.911
322,67.935
323,67.539
324,67.8
325,68.003
326,67.89
327,67.855
328,68.399
329,68.108
330,68.162
331,68.448
332,68.328
333,68.541
334,68.69
335,68.527
336,68.556
337,68.546
338,68.83
339,68.819
340,68.215
341,67.675
342,67.414
343,67.16
344,66.948
345,66.946
346,67.308
347,67.158
348,67.35
349,66.956
350,67.143
351,67.39
352,67.163
353,66.46
354,66.44
355,66.534
356,66.69
357,66.83
358,66.905
359,66.888
360,66.58
361,66.366
362,66.37
363,66.25
364,66.345
365,66.049
366,66.529
367,66.61
368,66.693
369,66.541
370,66.322
371,66.273
372,66.577
373,66.516
374,66.581
375,66.421
376,66.14
377,66.142
378,66.408
379,66.637
380,66.659
381,66.392
382,66.41
383,66.36
384,66.419
385,66.344
386,66.524
387,66.64
388,66.533
389,66.533
390,66.691
391,66.619
392,66.547
393,66.683
394,66.9
395,66.835
396,66.741
397,66.966
398,67.433
399,67.442
400,67.439
401,67.701
402,67.237
403,67.064
404,66.936
405,66.959
406,67.114
407,67.438
408,67.25
409,66.99
410,66.84
411,66.659
412,66.488
413,66.703
414,66.969
415,67.187
416,67.343
417,67.083
418,67.284
419,67.098
420,67.542
421,67.707
422,67.449
423,67.296
424,67.833
425,67.916
426,67.863
427,67.404
428,67.5
429,67.18
430,67.18
431,67.379
432,67.455
433,67.484
434,67.15
435,67.138
436,67.044
437,67.009
438,66.827
439,66.98
440,67.14
441,67.173
442,67.182
443,67.164
444,67.189
445,67.4
446,67.36
447,67.135
448,67.035
449,66.749
450,66.702
451,66.706
452,66.845
453,66.756
454,66.829
455,66.819
456,66.758
457,66.74
458,66.759
459,66.896
460,66.857
461,66.832
462,66.903
463,66.865
464,67.096
465,67.186
466,67.093
467,67.115
468,67.009
469,67.127
470,67.162
471,67.135
472,66.93
473,66.818
474,66.79
475,66.485
476,66.26
477,66.403
478,66.524
479,66.76
480,66.779
481,67.105
482,66.781
483,66.88
484,67.091
485,66.937
486,66.976
487,66.982
488,66.596
489,66.659
490,66.564
491,66.496
492,66.352
493,66.757
494,66.619
495,66.509
496,66.482
497,66.513
498,66.775
499,66.626
500,66.511
501,66.78
502,66.848
503,66.88
504,66.7
505,66.789
506,66.719
507,66.65
508,66.75
509,66.945
510,66.878
511,66.795
512,66.846
513,66.845
514,66.796
515,66.7
516,66.725
517,66.71
518,66.683
519,66.78
520,66.75
521,66.26
522,66.5
523,67.07
524,67.529
525,67.775
526,67.785
527,68.079
528,67.99
529,68.18
530,68.234
531,68.462
532,68.785
533,68.805
534,68.46
535,68.564
536,68.6
537,68.557
538,68.4
539,68.034
540,68.015
541,67.726
542,67.431
543,67.403
544,67.459
545,67.414
546,67.386
547,67.517
548,67.845
549,67.845
550,67.84
551,67.894
552,67.824
553,67.835
554,67.826
555,67.771
556,67.965
557,68.205
558,67.93
559,67.944
560,68.137
561,68.269
562,67.885
563,67.73
564,68.09
565,68.094
566,68.315
567,68.1
568,68.129
569,68.16
570,68.095
571,67.883
572,68.212
573,68.089
574,68.049
575,68.049
576,68.159
577,67.97
578,68.145
579,68.079
580,67.82
581,67.489
582,67.379
583,67.199
584,67.174
585,67.18
586,67.33
587,67.045
588,66.739
589,66.812
590,66.899
591,66.809
592,66.849
593,67.059
594,67.06
595,66.895
596,66.95
597,66.9
598,66.684
599,66.619
600,66.689
601,66.69
602,66.7
603,66.759
604,66.749
605,66.649
606,66.614
607,66.76
608,66.75
609,66.529
610,66.159
611,65.759
612,65.25
613,65.359
614,65.449
615,65.319
616,65.48
617,65.429
618,65.429
619,65.4
620,64.97
621,65.02
622,64.84
623,64.85
624,64.849
625,64.96
626,65.07
627,64.97
628,64.602
629,64.266
630,64.57
631,64.55
632,64.57
633,64.429
634,64.459
635,64.459
636,64.589
637,64.629
638,64.609
639,64.629
640,64.485
641,64.31
642,64.11
643,64.1
644,64.31
645,64.239
646,64.149
647,64.15
648,64.2
649,64.3
650,64.339
651,64.668
652,64.525
653,64.389
654,64.237
655,64.04
656,63.93
657,64.29
658,64.87
659,64.559
660,64.479
661,64.869
662,64.75
663,64.55
664,64.505
665,64.535
666,64.6
667,64.505
668,64.435
669,64.399
670,64.33
671,64.419
672,64.409
673,64.239
674,64.239
675,64.47
676,64.33
677,64.23
678,64.54
679,64.429
680,64.469
681,64.52
682,64.529
683,64.589
684,64.479
685,64.43
686,64.47
687,64.5
688,64.655
689,64.615
690,64.84
691,64.775
692,64.794
693,64.775
694,64.585
695,64.449
696,64.55
697,64.45
698,64.454
699,64.29
700,64.32
701,64.266
702,64.25
703,64.43
704,64.38
705,64.34
706,64.38
707,64.358
708,64.108
709,64.15
710,64.18
711,64.089
712,63.629
713,63.69
714,63.623
715,63.795
716,63.686
717,63.83
718,64.089
719,64.13
720,64.24
721,64.115
722,64.15
723,64.165
724,64.15
725,64.13
726,64.095
727,64.108
728,64.06
729,64.03
730,63.82
731,64.01
732,64.015
733,63.96
734,64.02
735,64.05
736,64.1
737,64.095
738,64.009
739,63.85
740,63.93
741,64.035
742,64.0
743,64.115
744,64.073
745,64.152
746,64.294
747,64.26
748,64.799
749,64.79
750,65.122
751,65.455
752,65.71
753,65.46
754,65.28
755,65.5
756,65.479
757,65.024
758,65.139
759,65.375
760,65.35
761,65.28
762,65.15
763,65.05
764,64.695
765,64.694
766,65.024
767,65.039
768,64.989
769,65.035
770,65.017
771,65.079
772,64.89
773,64.829
774,65.045
775,64.849
776,64.739
777,64.59
778,64.608
779,64.55
780,64.675
781,65.05
782,64.915
783,64.97
784,65.16
785,65.429
786,65.399
787,65.259
788,65.289
789,64.9042
790,65.094
791,64.7772
792,64.869
793,64.602
794,64.669
795,64.4978
796,64.399
797,64.349
798,64.479
799,64.509
800,64.369
801,64.3936
802,64.519
803,64.559
804,64.469
805,64.3987
806,64.5789
807,64.3347
808,64.329
809,64.07
810,64.18
811,64.05
812,64.11
813,64.009
814,64.009
815,64.045
816,64.039
817,64.109
818,64.07
819,63.83
820,63.675
821,63.45
822,63.4428
823,63.394
824,63.329
825,63.5132
826,63.664
827,63.619
828,63.6896
829,63.599
830,63.509
831,64.009
832,63.879
833,63.859
834,63.819
835,63.879
836,63.749
837,63.583
838,63.509
839,63.569
840,63.6407
841,63.679
842,63.6937
843,63.9455
844,64.119
845,64.129
846,64.199
847,64.269
848,64.46
849,64.339
850,64.269
851,64.259
852,64.094
853,63.889
854,64.239
855,64.5504
856,64.849
857,64.799
858,64.969
859,64.8887
860,64.76
861,64.909
862,65.199
863,65.219
864,65.2136
865,65.019
866,64.8268
867,64.869
868,65.099
869,64.9711
870,64.979
871,64.849
872,64.829
873,65.0496
874,65.0836
875,65.21
876,65.229
877,65.0739
878,65.1946
879,64.979
880,64.7576
881,64.939
882,65.149
883,65.109
884,65.109
885,65.12
886,64.989
887,65.0206
888,64.88
889,64.92
890,64.8926
891,64.939
892,65.254
893,65.279
894,65.2411
895,65.46
896,65.684
897,65.709
898,66.123
899,66.242
900,66.52
901,66.47
902,66.918
903,66.799
904,66.59
905,66.45
906,66.84
907,66.68
908,66.659
909,66.809
910,67.1296
911,67.2
912,67.344
913,67.239
914,67.389
915,67.549
916,68.069
917,67.769
918,67.759
919,68.0099
920,68.0763
921,68.097
922,68.2837
923,68.26
924,67.73
925,67.395
926,67.8777
927,67.4419
928,67.42
929,66.9692
930,67.0821
931,67.1066
932,66.829
933,67.4276
934,67.5273
935,67.465
936,67.475
937,67.5619
938,67.68
939,68.1887
940,68.03
941,68.04
942,68.05
943,67.94
944,67.8917
945,68.1245
946,68.36
947,68.9325
948,68.83
949,68.45
950,68.71
951,68.5211
952,68.685
953,68.87
954,68.7663
955,68.66
956,68.749
957,68.724
958,68.479
959,68.489
960,68.5406
961,68.419
962,68.5136
963,69.009
964,68.7553
965,68.9741
966,68.942
967,68.724
968,68.7521
969,68.6975
970,68.6
971,68.5232
972,68.34
973,68.62
974,68.5113
975,68.8248
976,68.6547
977,68.5
978,68.8745
979,69.1327
980,70.085
981,69.95
982,70.26
983,70.079
984,69.8596
985,69.8305
986,69.849
987,69.86
988,70.2885
989,69.7927
990,69.9884
991,70.2147
992,70.6168
993,70.9955
994,70.8082
995,71.21
996,71.579
997,71.749
998,71.985
999,72.1009
1000,72.55
1001,72.629
1002,71.89
1003,71.6
1004,71.87
1005,72.53
1006,72.7532
1007,72.35
1008,72.01
1009,72.1822
1010,72.66
1011,72.7437
1012,72.4249
1013,72.56
1014,72.5544
1015,73.4246
1016,73.3648
1017,73.84
1018,73.62
1019,74.12
1020,73.9146
1021,74.1026
1022,74.3735
1023,73.8666
1024,73.599
1025,73.76
1026,73.46
1027,73.59
1028,73.52
1029,73.37
1030,73.555
1031,73.23
1032,73.22
1033,73.21
1034,73.09
1035,73.394
1036,73.669
1037,73.949
1038,73.08
1039,72.9
1040,73.074
1041,72.949
1042,72.439
1043,72.6
1044,72.64
1045,72.855
1046,72.3
1047,72.304
1048,71.909
1049,71.974
1050,71.605
1051,71.42
1052,71.11
1053,70.684
1054,70.65
1055,70.81
1056,70.78
1057,70.39
1058,69.72
1059,69.7
1060,70.429
1061,70.52
1062,70.55
1063,70.55
1064,71.35
1065,72.489
1066,72.273
1067,71.829
1068,71.519
1069,71.91
1070,71.599
1071,70.609
1072,70.679
1073,69.962
1074,70.34
1075,70.099
1076,70.029
1077,70.17
1078,70.09
1079,69.81
1080,69.559
1081,69.447
1082,69.979
1083,70.19
1084,69.539
1085,69.77
1086,70.13
1087,70.55
1088,70.409
1089,70.381
1090,70.749
1091,71.099
1092,70.969
1093,71.029
1094,71.199
1095,71.176
1096,71.23
1097,71.136
1098,70.989
1099,70.889
1100,71.075
1101,71.407
1102,71.219
1103,70.949
1104,71.45
1105,71.68
1106,71.509
1107,71.539
1108,71.289
1109,71.159
1110,71.129
1111,70.535
1112,70.869
1113,71.017
1114,71.319
1115,71.37
1116,71.3
1117,71.046
1118,71.15
1119,71.019
1120,70.817
1121,70.999
1122,71.189
1123,70.8
1124,70.989
1125,70.899
1126,70.47
1127,70.069
1128,70.093
1129,69.994
1130,69.79
1131,69.614
1132,69.64
1133,69.359
1134,68.937
1135,68.619
1136,69.009
1137,68.5
1138,68.75
1139,69.16
1140,68.92
1141,68.985
1142,69.089
1143,69.172
1144,69.179
1145,69.189
1146,68.909
1147,68.439
1148,68.969
1149,69.159
1150,69.527
1151,69.247
1152,69.139
1153,69.01
1154,69.18
1155,69.379
1156,69.519
1157,69.411
1158,69.411
1159,69.401
1160,69.69
1161,69.76
1162,69.95
1163,70.16
1164,69.84
1165,69.836
1166,69.56
1167,69.522
1168,69.399
1169,69.078
1170,69.369
1171,69.585
1172,69.708
1173,70.189
1174,69.998
1175,70.559
1176,70.315
1177,70.193
1178,70.119
1179,70.277
1180,69.589
1181,69.629
1182,69.639
1183,69.66
1184,69.36
1185,69.487
1186,69.59
1187,69.81
1188,69.82
1189,69.57
1190,69.154
1191,69.277
1192,69.389
1193,69.149
1194,69.34
1195,69.519
1196,69.379
1197,69.369
1198,69.545
1199,69.813
1200,69.844
1201,69.51
1202,69.64
1203,69.51
1204,69.61
1205,69.246
1206,69.313
1207,69.19
1208,69.037
1209,68.939
1210,68.879
1211,68.88
1212,68.79
1213,68.503
1214,68.44
1215,68.61
1216,68.55
1217,68.399
1218,68.4
1219,68.55
1220,68.53
1221,68.64
1222,68.829
1223,68.85
1224,68.85
1225,68.92
1226,69.01
1227,68.97
1228,69.029
1229,68.87
1230,68.75
1231,68.838
1232,68.86
1233,69.053
1234,69.69
1235,71.17
1236,70.896
1237,71.23
1238,70.41
1239,70.906
1240,71.266
1241,71.399
1242,71.27
1243,71.4
1244,71.149
1245,71.438
1246,71.535
1247,71.426
1248,71.91
1249,71.491
1250,72.01
1251,71.53
1252,71.795
1253,71.68
1254,71.73
1255,71.952
1256,72.159
1257,71.965
1258,71.913
1259,71.629
1260,71.749
1261,71.87
1262,71.56
1263,70.939
1264,71.01
1265,71.559
1266,71.37
1267,71.13
1268,71.37
1269,71.059
1270,70.785
1271,70.946
1272,70.971
1273,70.934
1274,70.64
1275,70.64
1276,71.1
1277,71.14
1278,71.019
1279,70.819
1280,70.966
1281,71.209
1282,71.109
1283,70.979
1284,70.912
1285,71.225
1286,71.49
1287,71.352
1288,71.119
1289,71.079
1290,70.899
1291,70.807
1292,70.709
1293,70.959
1294,70.809
1295,70.739
1296,70.879
1297,70.951
1298,71.06
1299,70.758
1300,70.786
1301,70.769
1302,70.999
1303,71.044
1304,71.35
1305,71.559
1306,71.78
1307,72.139
1308,71.953
1309,71.639
1310,71.939
1311,71.819
1312,71.742
1313,71.739
1314,71.785
1315,71.684
1316,71.469
1317,71.249
1318,71.499
1319,71.745
1320,71.619
1321,71.73
1322,71.48
1323,71.23
1324,71.267
1325,70.959
1326,70.799
1327,70.699
1328,70.559
1329,70.66
1330,70.909
1331,71.029
1332,70.989
1333,71.17
1334,71.05
1335,71.209
1336,71.269
1337,71.269
1338,71.289
1339,71.409
1340,71.309
1341,71.349
1342,71.222
1343,71.22
1344,71.759
1345,71.863
1346,71.84
1347,71.506
1348,71.2
1349,70.95
1350,70.699
1351,70.839
1352,70.709
1353,70.952
1354,71.075
1355,71.03
1356,71.17
1357,71.07
1358,71.39
1359,71.32
1360,71.439
1361,71.229
1362,71.3
1363,71.56
1364,71.52
1365,71.32
1366,71.099
1367,71.179
1368,71.222
1369,71.499
1370,71.279
1371,71.279
1372,71.289
1373,71.33
1374,71.526
1375,71.319
1376,71.569
1377,71.589
1378,71.67
1379,71.87
1380,72.05
1381,71.869
1382,71.576
1383,71.649
1384,72.533
1385,72.35
1386,73.27
1387,73.529
1388,73.9
1389,74.01
1390,74.39
1391,73.56
1392,74.17
1393,74.559
1394,73.838
1395,73.997
1396,74.06
1397,74.546
1398,75.04
1399,75.394
1400,76.32
1401,76.369
1402,75.75
1403,74.74
1404,75.12
1405,75.39
1406,75.31
1407,76.57
1408,76.27
1409,76.41
1410,75.96
1411,75.62
1412,75.93
1413,75.97
1414,75.869
1415,76.24
1416,76.01
1417,76.559
1418,76.819
1419,76.54
1420,76.6
1421,76.97
1422,76.4
1423,75.89
1424,76.26
1425,76.227
1426,76.06
1427,75.27
1428,75.4
1429,75.746
1430,75.63
1431,75.717
1432,76.09
1433,75.785
1434,75.51
1435,75.86
1436,75.3
1437,75.36
1438,75.48
1439,75.817
1440,75.6
1441,75.7
1442,75.54
1443,75.601
1444,75.946
1445,75.946
1446,75.655
1447,75.91
1448,75.741
1449,75.611
1450,75.5
1451,75.05
1452,75.457
1453,75.43
1454,75.58
1455,75.38
1456,75.607
1457,75.67
1458,75.97
1459,75.779
1460,75.779
1461,76.42
1462,76.148
1463,76.39
1464,76.184
1465,75.78
1466,75.643
1467,75.643
1468,75.528
1469,75.608
1470,75.498
1471,75.538
1472,75.438
1473,74.738
1474,74.632
1475,74.628
1476,74.803
1477,74.938
1478,75.138
1479,75.188
1480,75.185
1481,75.375
1482,75.118
1483,75.168
1484,74.882
1485,74.738
1486,74.528
1487,74.598
1488,74.808
1489,74.748
1490,74.788
1491,74.905
1492,74.921
1493,74.873
1494,74.914
1495,75.178
1496,75.058
1497,74.796
1498,74.89
1499,74.97
1500,74.91
1501,74.6
1502,74.727
1503,74.806
1504,74.853
1505,74.73
1506,74.623
1507,74.846
1508,75.012
1509,74.92
1510,74.169
1511,74.201
1512,74.219
1513,73.895
1514,73.116
1515,73.254
1516,73.002
1517,73.269
1518,73.4
1519,73.289
1520,73.436
1521,73.74
1522,73.3
1523,73.56
1524,73.47
1525,73.39
1526,73.6
1527,73.48
1528,73.6
1529,73.538
1530,73.57
1531,73.51
1532,73.57
1533,73.897
1534,73.707
1535,73.76
1536,73.778
1537,73.54
1538,73.192
1539,73.346
1540,73.08
1541,73.399
1542,73.345
1543,73.325
1544,73.01
1545,73.358
1546,73.454
1547,73.24
1548,73.42
1549,73.43
1550,73.35
1551,73.44
1552,73.65
1553,73.66
1554,73.87
1555,73.917
1556,73.82
1557,74.17
1558,74.39
1559,74.54
1560,74.507
1561,74.601
1562,74.715
1563,73.926
1564,73.97
1565,73.95
1566,74.28
1567,74.215
1568,74.63
1569,74.563
1570,74.37
1571,74.47
1572,74.11
1573,74.1
1574,74.116
1575,74.25
1576,74.083
1577,73.768
1578,73.827
1579,73.92
1580,73.99
1581,73.68
1582,73.8
1583,73.809
1584,73.758
1585,73.74
1586,73.68
1587,73.5525
1588,73.723
1589,73.75
1590,73.643
1591,73.55
1592,73.64
1593,73.52
1594,73.53
1595,74.013
1596,73.853
1597,73.77
1598,73.53
1599,73.556
1600,73.5
1601,73.39
1602,73.119
1603,73.036
1604,73.12
1605,73.07
1606,73.105
1607,73.118
1608,73.46
1609,73.31
1610,73.456
1611,73.232
1612,73.14
1613,73.065
1614,73.16
1615,73.181
1616,73.16
1617,72.91
1618,72.97
1619,72.976
1620,72.97
1621,72.91
1622,73.06
1623,72.93
1624,72.906
1625,73.11
1626,72.96
1627,72.81
1628,72.965
1629,72.81
1630,72.9
1631,72.86
1632,72.79
1633,72.7
1634,72.58
1635,72.618
1636,72.92
1637,72.815
1638,72.59
1639,72.55
1640,72.44
1641,72.38
1642,72.21
1643,72.741
1644,73.917
1645,73.395
1646,73.25
1647,72.91
1648,73.16
1649,73.14
1650,73.32
1651,72.8
1652,72.718
1653,72.694
1654,72.68
1655,72.535
1656,72.51
1657,72.4
1658,72.67
1659,72.402
1660,72.37
1661,72.51
1662,72.58
1663,72.66
1664,72.648
1665,72.748
1666,73.44
1667,73.137
1668,73.328
1669,73.37
1670,73.32
1671,73.486
1672,74.352
1673,74.561
1674,74.719
1675,74.98
1676,75.26
1677,75.05
1678,74.81
1679,74.479
1680,74.85
1681,75.44
1682,75.421
1683,75.11
1684,74.92
1685,74.69
1686,74.58
1687,74.489
1688,74.073
1689,74.05
1690,73.9
1691,73.76
1692,73.81
1693,73.59
1694,73.3
1695,73.43
1696,73.37
1697,73.53
1698,73.46
1699,73.231
1700,73.296
1701,73.05
1702,73.2
1703,73.01
1704,72.817
1705,72.83
1706,72.778
1707,72.64
1708,72.7
1709,72.4
1710,72.511
1711,72.85
1712,72.95
1713,73.006
1714,72.869
1715,72.786
1716,72.93
1717,72.98
1718,73.1
1719,73.237
1720,73.18
1721,73.35
1722,73.27
1723,74.149
1724,74.139
1725,74.13
1726,74.33
1727,74.14
1728,74.144
1729,74.145
1730,74.27
1731,74.29
1732,74.36
1733,74.56
1734,74.512
1735,74.294
1736,74.74
1737,74.805
1738,74.73
1739,74.49
1740,74.53
1741,74.57
1742,74.46
1743,74.54
1744,74.608
1745,74.851
1746,74.53
1747,74.486
1748,74.45
1749,74.425
1750,74.33
1751,74.498
1752,74.5
1753,74.246
1754,74.337
1755,74.354
1756,74.249
1757,74.149
1758,74.098
1759,74.24
1760,74.475
1761,74.43
1762,74.14
1763,74.293
1764,74.239
1765,74.16
1766,74.37
1767,74.27
1768,74.37
1769,74.347
1770,74.12
1771,74.135
1772,74.11
1773,74.14
1774,73.47
1775,73.292
1776,72.947
1777,72.994
1778,72.996
1779,72.982
1780,73.073
1781,73.44
1782,73.841
1783,73.56
1784,73.514
1785,73.55
1786,73.64
1787,73.465
1788,73.556
1789,73.64
1790,73.64
1791,73.707
1792,73.8
1793,73.8
1794,73.814
1795,73.858
1796,74.207
1797,74.308
1798,74.17
1799,74.13
1800,74.568
1801,74.54
1802,74.758
1803,74.805
1804,75.117
1805,75.393
1806,75.483
1807,75.281
1808,74.97
1809,75.028
1810,75.19
1811,75.105
1812,74.785
1813,74.864
1814,74.979
1815,75.087
1816,74.898
1817,75.01
1818,74.79
1819,74.915
1820,74.845
1821,74.639
1822,74.43
1823,74.464
1824,74.174
1825,73.899
1826,74.17
1827,74.393
1828,74.3
1829,74.319
1830,74.381
1831,74.452
1832,74.248
1833,74.16
1834,74.333
1835,74.423
1836,74.435
1837,74.585
1838,74.478
1839,75.0
1840,75.033
1841,75.09
1842,75.009
1843,74.962
1844,75.237
1845,75.394
1846,75.416
1847,75.355
1848,75.555
1849,75.692
1850,75.778
1851,75.985
1852,76.34
1853,76.217
1854,75.976
1855,75.819
1856,75.648
1857,75.47
1858,75.091
1859,75.03
1860,74.96
1861,74.7
1862,74.576
1863,74.4
1864,74.464
1865,74.369
1866,74.502
1867,74.27
1868,74.38
1869,74.271
1870,74.02
1871,73.781
1872,73.766
1873,73.937
1874,74.151
1875,74.258
1876,74.56
1877,74.438
1878,74.446
1879,74.388
1880,74.644
1881,74.771
1882,74.874
1883,75.221
1884,75.034
1885,74.539
1886,74.724
1887,74.796
1888,74.639
1889,74.64
1890,74.638
1891,74.69
1892,74.778
1893,75.34
1894,75.319
1895,75.658
1896,75.134
1897,74.992
1898,75.063
1899,74.66
1900,74.495
1901,74.62
1902,74.64
1903,75.656
1904,75.086
1905,75.499
1906,75.772
1907,75.621
1908,75.943
1909,76.36
1910,76.92
1911,76.86
1912,76.355
1913,76.297
1914,76.71
1915,76.48
1916,76.28
1917,76.19
1918,75.947
1919,76.05
1920,76.28
1921,76.12
1922,76.5
1923,76.3
1924,76.25
1925,76.12
1926,75.63
1927,75.84
1928,75.931
1929,75.963
1930,75.429
1931,75.4
1932,75.929
1933,75.891
1934,75.923
1935,75.829
1936,76.12
1937,76.105
1938,76.265
1939,76.32
1940,76.259
1941,76.419
1942,76.259
1943,76.245
1944,76.49
1945,76.53
1946,76.75
1947,76.607
1948,76.63
1949,76.482
1950,76.52
1951,76.46
1952,76.246
1953,76.519
1954,76.957
1955,77.35
1956,77.202
1957,77.349
1958,77.43
1959,77.47
1960,77.811
1961,77.454
1962,77.81
1963,77.4
1964,77.855
1965,77.527
1966,77.448
1967,77.519
1968,77.644
1969,77.606
1970,77.527
1971,77.582
1972,77.529
1973,77.371
1974,77.602
1975,77.796
1976,77.646
1977,77.686
1978,77.8
1979,78.096
1980,78.076
1981,77.994
1982,78.138
1983,77.899
1984,77.924
1985,77.893
1986,78.111
1987,78.18
1988,78.111
1989,78.23
1990,78.42
1991,78.968
1992,78.91
1993,78.95
1994,78.919
1995,78.909
1996,79.271
1997,79.02
1998,79.14
1999,79.27
2000,79.41
2001,79.46
2002,79.65
2003,79.89
2004,79.76
2005,80.0
2006,79.86
2007,79.98
2008,79.86
2009,79.82
2010,79.691
2011,79.852
2012,79.845
2013,79.627
2014,79.335
2015,78.967
2016,78.587
2017,79.07
2018,79.15
2019,79.35
2020,79.587
2021,79.563
2022,79.051
2023,79.56
2024,79.62
2025,79.532
2026,79.24
2027,79.35
2028,79.73
2029,79.91
2030,79.85
2031,79.849
2032,79.792
2033,79.869
2034,79.964
2035,79.954
2036,79.678
2037,79.506
2038,79.685
2039,79.717
2040,79.788
2041,79.887
2042,79.617
2043,79.697
2044,79.648
2045,79.313
2046,79.577
2047,79.444
2048,79.83
2049,79.656
2050,79.686
2051,79.73
2052,79.923
2053,81.04
2054,81.25
2055,81.61
2056,81.707
2057,81.411
2058,81.471
2059,81.501
2060,81.49
2061,81.452
2062,81.631
2063,82.328
2064,82.812
2065,82.397
2066,82.254
2067,82.179
2068,82.172
2069,82.275
2070,82.175
2071,82.281
2072,83.008
2073,82.744
2074,82.525
2075,82.746
2076,82.515
2077,81.901
2078,82.364
2079,82.266
2080,82.745
2081,82.608
2082,82.712
2083,82.726
2084,81.968
2085,81.82
2086,81.385
2087,81.333
2088,80.624
2089,80.477
2090,80.965
2091,81.061
2092,81.444
2093,81.58
2094,81.618
2095,81.699
2096,81.714
2097,81.604
2098,81.613
2099,81.685
2100,81.64
2101,81.623
2102,81.353
2103,81.167
2104,81.41
2105,81.89
2106,82.418
2107,82.24
2108,82.281
2109,82.463
2110,82.609
2111,82.375
2112,82.507
2113,82.825
2114,82.706
2115,82.649
2116,82.584
2117,82.877
2118,82.96
2119,82.76
2120,82.65
2121,82.856
2122,82.85
2123,82.84
2124,82.71
2125,82.725
2126,82.754
2127,82.663
2128,82.548
2129,82.27
2130,82.07
2131,81.582
2132,81.617
2133,81.17
2134,81.25
2135,81.608
2136,81.552
2137,81.313
2138,81.259
2139,80.962
2140,81.458
2141,81.574
2142,81.471
2143,81.398
2144,81.5
2145,81.451
2146,81.719
2147,81.71
2148,82.019
2149,82.43
2150,82.72
2151,82.792
2152,82.63
2153,82.491
2154,82.49
2155,82.572
2156,82.89
2157,82.73
2158,82.69
2159,82.73
2160,82.673
2161,82.822
2162,82.81
2163,82.57
2164,82.81
2165,82.622
2166,82.62
2167,82.41
2168,82.33
2169,81.66
2170,81.79
2171,81.98
2172,81.93
2173,82.0
2174,81.913
2175,82.41
2176,82.225
2177,82.86
2178,82.569
2179,82.5
2180,82.495
2181,82.652
2182,82.485
2183,82.216
2184,82.315
2185,82.16
2186,82.139
2187,82.158
2188,82.06
2189,82.14
2190,82.16
2191,82.07
2192,81.925
2193,81.8
2194,81.84
2195,81.945
2196,82.01
2197,81.91
2198,81.63
2199,81.8
2200,81.96
2201,82.06
2202,82.279
2203,82.1
2204,82.01
2205,81.93
2206,81.945
2207,81.72
2208,81.69
2209,81.7
2210,81.75
2211,81.73
2212,81.735
2213,81.674
2214,81.7
2215,81.75
2216,82.1
2217,81.889
2218,82.07
2219,82.21
2220,82.217
2221,82.244
2222,82.425
2223,82.7
2224,82.832
2225,82.81
2226,82.81
2227,82.65
2228,82.713
2229,82.55
2230,82.564
2231,82.645
2232,82.641
2233,82.246
2234,82.378
2235,82.5
2236,82.49
2237,82.593
2238,82.48
2239,82.42
2240,82.37
2241,82.209
2242,82.02
2243,81.88
2244,81.89
2245,81.89
2246,81.951
2247,81.93
2248,81.93
2249,81.96
2250,81.982
2251,81.963
2252,82.0
2253,82.05
2254,82.03
2255,81.97
2256,81.926
2257,82.369
2258,82.738
2259,82.59
2260,82.58
2261,82.371
2262,81.952
2263,82.02
2264,82.029
2265,82.006
2266,82.04
2267,82.03
2268,82.058
2269,81.96
2270,81.789
2271,81.854
2272,81.93
2273,82.13
2274,82.205
2275,82.214
2276,82.294
2277,82.704
2278,82.89
2279,82.653
2280,82.73
2281,82.836
2282,82.82
2283,82.601
2284,82.849
2285,83.16
2286,83.39
2287,83.189
2288,83.13
2289,83.121
2290,83.07
2291,83.02
2292,82.502
2293,82.552
2294,82.617
2295,82.58
2296,82.554
2297,82.587
2298,82.682
2299,82.669
2300,82.698
2301,83.013
2302,83.178
2303,83.13
2304,82.984
2305,82.856
2306,82.85
2307,82.861
2308,82.99
2309,83.049
2310,83.22
2311,83.29
2312,82.9
2313,83.09
2314,82.95
2315,83.11
2316,83.248
2317,83.156
2318,83.108
2319,83.056
2320,83.2
2321,83.202
2322,83.23
2323,83.199
2324,83.098
2325,83.234
2326,83.142
2327,83.15
2328,83.27
2329,83.235
2330,83.19
2331,83.23
2332,83.252
2333,83.082
2334,83.13
2335,83.05
2336,82.99
2337,83.116
2338,83.223
2339,83.245
2340,83.23
2341,83.231
2342,83.217
2343,83.214
2344,83.12
2345,83.198
2346,83.21
2347,83.193
2348,83.295
2349,83.289
2350,83.188
2351,82.953
2352,83.168
2353,83.132
2354,83.224
2355,83.314
2356,83.26
2357,83.272
2358,83.285
2359,83.32
2360,83.31
2361,83.32
2362,83.333
2363,83.337
2364,83.24
2365,83.408
2366,83.3
2367,83.314
2368,83.324
2369,83.407
2370,83.362
2371,83.375
2372,83.33
2373,83.287
2374,82.974
2375,83.124
2376,83.086
2377,83.121
2378,83.194
2379,83.099
2380,83.144
2381,83.159
2382,83.242
2383,83.149
2384,83.17
2385,83.217
2386,83.234
2387,83.266
2388,83.223
2389,83.075
2390,83.0
2391,83.089
2392,83.0
2393,83.043
2394,82.838
2395,82.807
2396,83.065
2397,83.162
2398,83.127
2399,83.066
2400,83.055
2401,83.125
2402,83.067
2403,83.121
2404,83.101
2405,83.14
2406,83.09
2407,83.05
2408,82.908
2409,82.979
2410,83.009
2411,83.04
2412,82.953
2413,82.959
2414,82.979
2415,82.93
2416,83.074
2417,82.989
2418,82.967
2419,82.992
2420,83.003
2421,82.851
2422,82.87
2423,82.833
2424,82.839
2425,82.826
2426,82.857
2427,82.859
2428,82.88
2429,82.823
2430,82.859
2431,82.871
2432,82.762
2433,82.666
2434,82.716
2435,82.72
2436,82.819
2437,82.812
2438,82.895
2439,82.863
2440,82.896
2441,82.987
2442,83.156
2443,83.185
2444,83.512
2445,83.386
2446,83.322
2447,83.334
2448,83.332
2449,83.34
2450,83.34
2451,83.302
2452,83.453
2453,83.343
2454,83.273
2455,83.27
2456,83.199
2457,83.388
2458,83.304
2459,83.52
2460,83.487
2461,83.648
2462,83.618
2463,83.511
2464,83.336
2465,83.34
2466,83.243
2467,83.3
2468,83.29
2469,83.378
2470,83.39
2471,83.45
2472,83.46
2473,83.415
2474,83.356
2475,83.432
2476,83.437
2477,83.443
2478,83.42
2479,83.521
2480,83.486
2481,83.462
2482,83.391
2483,83.441
2484,83.261
2485,83.253
2486,83.25
2487,83.242
2488,83.261
2489,83.013
2490,83.112
2491,83.136
2492,83.331
2493,83.26
2494,83.412
2495,83.063
2496,83.504
2497,83.48
2498,83.447
2499,83.5
2500,83.48
2501,83.575
2502,83.412
2503,83.506
2504,83.527
2505,83.53
2506,83.313
2507,83.44
2508,83.6
2509,83.537
2510,83.402
2511,83.405
2512,83.554
2513,83.433
2514,83.335
2515,83.414
2516,83.45
2517,83.47
2518,83.471
2519,83.48
2520,83.433
2521,83.467
2522,83.49
2523,83.482
2524,83.493
2525,83.531
2526,83.526
2527,83.529
2528,83.591
2529,83.704
2530,83.64
2531,83.679
2532,83.72
2533,83.735
2534,83.684
2535,83.729
2536,83.69
2537,83.68
2538,83.728
2539,83.775
2540,83.998
2541,83.886
2542,83.865
2543,83.967
2544,83.925
2545,83.899
2546,83.875
2547,83.901
2548,83.92
2549,83.857
2550,83.83
2551,83.729
2552,83.875
2553,83.91
2554,83.79
2555,83.845
2556,83.896
2557,83.88
2558,83.84
2559,83.847
2560,83.899
2561,83.926
2562,83.955
2563,83.963
2564,83.964
2565,83.908
2566,83.929
2567,83.97
2568,83.902
2569,83.86
2570,83.82
2571,83.727
2572,83.62
2573,83.595
2574,83.465
2575,83.523
2576,83.566
2577,83.595
2578,83.582
2579,83.656
2580,83.735
2581,83.894
2582,83.901
2583,83.976
2584,84.003
2585,83.944
2586,83.925
2587,83.93
2588,83.92
2589,84.081
2590,84.025
2591,84.015
2592,83.985
2593,84.06
2594,84.046
2595,84.05
2596,84.037
2597,84.037
2598,84.064
2599,84.075
2600,84.04
2601,84.038
2602,84.052
2603,84.041
2604,84.06
2605,84.091
2606,84.091
2607,84.29
2608,84.273
2609,84.375
2610,84.36
2611,84.326
2612,84.396
2613,84.441
2614,84.404
2615,84.378
2616,84.335
2617,84.34
2618,84.475
2619,84.405
2620,84.22
2621,84.299
2622,84.371
2623,84.425
2624,84.539
2625,84.74
2626,84.658
2627,84.673
2628,84.661
2629,84.648
2630,84.814
2631,84.858
2632,84.775
2633,84.805
2634,84.761
2635,84.87
2636,84.882
2637,84.846
2638,85.065
2639,84.927
2640,85.075
2641,85.116
2642,85.178
2643,85.234
2644,85.368
2645,85.453
2646,85.533
2647,85.625
2648,85.725
2649,85.74
2650,85.67
2651,85.783
2652,85.87
2653,85.852
2654,86.145
2655,86.67
2656,86.515
2657,86.349
2658,86.55
2659,86.551
2660,86.189
2661,86.431
2662,86.42
2663,86.395
2664,86.141
2665,86.319
2666,86.564
2667,86.59
2668,86.525
2669,86.511
2670,86.922
2671,87.038
2672,87.316
2673,87.55
2674,87.593
2675,87.448
2676,86.767
2677,86.861
2678,86.657
2679,86.582
2680,86.789
2681,86.848
2682,86.852
2683,86.543
2684,86.59
2685,86.624
2686,87.096
2687,87.093
2688,87.297
2689,87.447
2690,87.24
2691,87.232
2692,86.847
2693,86.994
2694,87.068
2695,87.25
2696,87.156
2697,87.113
2698,86.878
2699,86.921
2700,86.651
2701,86.479
2702,86.277
2703,86.3
2704,85.969
2705,85.532
2706,85.563
2707,85.603
2708,85.62
2709,85.677
